FID,Name,Address,City,Zipcode
Libraries.fid-e93e948_1508c03aa40_2318,HC HISTORICAL SOCIETY,3725 PARK AVE,Ellicott City,21043
Libraries.fid-e93e948_1508c03aa40_2319,Elkridge Branch,6544 WASHINGTON BLVD,Elkridge,21075
Libraries.fid-e93e948_1508c03aa40_231a,Glenwood,2350 RT 97,Woodbine,21797
Libraries.fid-e93e948_1508c03aa40_231b,Miller Branch,9421 FREDERICK RD,Ellicott City,21042
Libraries.fid-e93e948_1508c03aa40_231c,Savage,9525 DURNESS LN,Laurel,20723
Libraries.fid-e93e948_1508c03aa40_231d,East Columbia,6600 CRADLEROCK WAY,Columbia,21045
Libraries.fid-e93e948_1508c03aa40_231e,Howard County Central,10375 LITTLE PATUXENT PKWY,Columbia,21044
